Airport,tot_cnt,delay_cnt,delay_pct
ATL,781693,65910,8.4317
ORD,767866,108400,14.11705
DFW,571209,63188,11.06215
DEN,543872,57838,10.63449
LAX,495799,52747,10.63879
CLT,490344,38363,7.82369
SEA,375888,50295,13.38032
SFO,351581,61797,17.57689
PHX,351326,32827,9.34374
IAH,350422,40113,11.44706
